{
  "accuracy": 0.7692307692307693,
  "f1": 0.7272727272727273,
  "auc": 0.8505434782608695
}