{
  "accuracy": 0.7948717948717948,
  "f1": 0.7647058823529411,
  "auc": 0.9035326086956522
}