{
  "accuracy": 0.9230769230769231,
  "f1": 0.9142857142857143,
  "auc": 0.9701086956521738
}