{
  "accuracy": 0.7692307692307693,
  "f1": 0.7096774193548387,
  "auc": 0.8885869565217392
}