{
  "accuracy": 0.7435897435897436,
  "f1": 0.6875,
  "auc": 0.8532608695652174
}